student_score,temperature,sales,stock_price
78.0,23.6,330,157.51
70.3,20.1,450,160.39
79.8,18.6,459,129.6
90.3,25.1,404,156.97
69.2,27.2,481,158.79
69.2,26.7,548,128.57
91.0,17.8,726,205.97
81.2,20.5,521,164.21
66.4,23.7,531,114.26
78.5,26.9,491,169.7
66.4,19.6,270,120.76
66.4,21.1,497,173.61
74.9,16.5,507,184.76
49.0,16.0,796,125.38
51.3,26.1,477,178.9
65.3,28.8,536,162.38
59.8,21.6,496,174.66
75.8,27.0,360,206.9
61.1,23.8,637,142.64
55.1,18.8,590,127.39
89.6,23.8,595,123.31
69.3,29.7,391,125.53
72.8,21.8,668,147.69
54.9,29.8,332,160.23
65.5,8.9,570,158.3
73.3,26.1,763,174.82
58.2,22.4,381,150.39
76.5,20.5,432,193.61
64.8,22.5,512,142.06
68.5,12.1,440,231.61
64.8,20.9,314,168.77
94.2,23.8,508,124.29
71.8,29.4,373,117.87
59.3,19.4,557,164.47
81.9,18.0,390,143.3
57.3,19.5,686,171.42
74.5,26.6,406,164.2
48.5,23.6,461,147.82
56.1,19.4,598,124.6
74.4,24.6,352,104.55
80.9,22.5,527,136.6
74.1,26.8,657,175.69
70.6,18.5,307,156.42
68.4,20.4,522,112.63
54.3,20.0,531,155.2
63.4,14.7,594,161.56
66.5,23.5,352,123.48
84.7,23.3,342,154.61
76.1,22.0,563,151.75
50.8,20.8,536,115.71
